model,h,MAE,RMSE,MAPE_%,n,MAE_vs_naive,series
drift,1,0.7044,1.9299,0.5344,144,1.0215,ew7c_metal_doors_windows
drift,3,1.5699,3.4912,1.1808,142,0.8621,ew7c_metal_doors_windows
drift,6,2.8289,5.3096,2.0724,139,0.8128,ew7c_metal_doors_windows
drift,12,5.3881,8.6814,3.8046,133,0.756,ew7c_metal_doors_windows
ets_damped,1,0.7883,1.954,0.5793,144,1.1432,ew7c_metal_doors_windows
ets_damped,3,1.7733,3.5484,1.2819,142,0.9737,ew7c_metal_doors_windows
ets_damped,6,3.095,5.2996,2.1909,139,0.8892,ew7c_metal_doors_windows
ets_damped,12,5.2267,8.1787,3.7098,133,0.7334,ew7c_metal_doors_windows
linear_trend,1,7.7871,13.0521,5.2755,144,11.2925,ew7c_metal_doors_windows
linear_trend,3,8.3228,13.7805,5.653,142,4.5701,ew7c_metal_doors_windows
linear_trend,6,9.119,14.8671,6.207,139,2.62,ew7c_metal_doors_windows
linear_trend,12,10.6606,16.9766,7.2546,133,1.4958,ew7c_metal_doors_windows
naive,1,0.6896,2.0,0.5185,144,1.0,ew7c_metal_doors_windows
naive,3,1.8211,3.832,1.3501,142,1.0,ew7c_metal_doors_windows
naive,6,3.4806,6.1784,2.5379,139,1.0,ew7c_metal_doors_windows
naive,12,7.1271,10.778,5.1022,133,1.0,ew7c_metal_doors_windows
rf_lags,1,0.8149,2.012,0.597,144,1.1818,ew7c_metal_doors_windows
rf_lags,3,1.8141,3.5523,1.3142,142,0.9961,ew7c_metal_doors_windows
rf_lags,6,3.0568,5.0927,2.1865,139,0.8782,ew7c_metal_doors_windows
rf_lags,12,4.8151,7.2313,3.5103,133,0.6756,ew7c_metal_doors_windows
rf_time_index,1,1.2885,2.692,0.9554,144,1.8685,ew7c_metal_doors_windows
rf_time_index,3,2.709,4.9439,1.9875,142,1.4875,ew7c_metal_doors_windows
rf_time_index,6,4.5864,7.5593,3.3288,139,1.3177,ew7c_metal_doors_windows
rf_time_index,12,7.6143,11.4117,5.4338,133,1.0684,ew7c_metal_doors_windows
seasonal_naive,1,6.6021,10.3585,4.7325,144,9.574,ew7c_metal_doors_windows
seasonal_naive,3,6.6887,10.431,4.7926,142,3.6729,ew7c_metal_doors_windows
seasonal_naive,6,6.8266,10.5429,4.8894,139,1.9613,ew7c_metal_doors_windows
seasonal_naive,12,7.1271,10.778,5.1022,133,1.0,ew7c_metal_doors_windows
drift,1,1.1473,1.9807,1.005,144,1.0007,ceramic_tiles
drift,3,2.6759,4.4445,2.3147,142,0.9994,ceramic_tiles
drift,6,4.6456,7.997,4.0193,139,1.0066,ceramic_tiles
drift,12,7.5663,12.9324,6.6354,133,1.0183,ceramic_tiles
ets_damped,1,1.0632,1.8276,0.9293,144,0.9273,ceramic_tiles
ets_damped,3,2.5018,4.0355,2.1574,142,0.9344,ceramic_tiles
ets_damped,6,4.5715,8.2314,3.9219,139,0.9906,ceramic_tiles
ets_damped,12,8.2756,15.496,7.2483,133,1.1138,ceramic_tiles
linear_trend,1,5.3758,8.5073,4.6482,144,4.6888,ceramic_tiles
linear_trend,3,5.735,8.9881,4.96,142,2.1419,ceramic_tiles
linear_trend,6,6.1812,9.6128,5.3462,139,1.3393,ceramic_tiles
linear_trend,12,6.7426,10.3136,5.8245,133,0.9075,ceramic_tiles
naive,1,1.1465,1.9728,1.0027,144,1.0,ceramic_tiles
naive,3,2.6775,4.3969,2.3097,142,1.0,ceramic_tiles
naive,6,4.6151,7.8347,3.9788,139,1.0,ceramic_tiles
naive,12,7.4301,12.4184,6.4704,133,1.0,ceramic_tiles
rf_lags,1,1.2602,2.0626,1.1053,144,1.0991,ceramic_tiles
rf_lags,3,2.9461,4.835,2.5538,142,1.1003,ceramic_tiles
rf_lags,6,5.404,9.3265,4.7081,139,1.1709,ceramic_tiles
rf_lags,12,9.7778,16.76,8.6446,133,1.316,ceramic_tiles
rf_time_index,1,2.0868,3.7316,1.8119,144,1.8201,ceramic_tiles
rf_time_index,3,3.9484,6.7865,3.4313,142,1.4747,ceramic_tiles
rf_time_index,6,5.7216,9.9483,4.98,139,1.2398,ceramic_tiles
rf_time_index,12,7.5871,12.441,6.6101,133,1.0211,ceramic_tiles
seasonal_naive,1,7.1688,11.99,6.2743,144,6.2526,ceramic_tiles
seasonal_naive,3,7.2317,12.0698,6.3254,142,2.7009,ceramic_tiles
seasonal_naive,6,7.2871,12.179,6.3636,139,1.579,ceramic_tiles
seasonal_naive,12,7.4301,12.4184,6.4704,133,1.0,ceramic_tiles
drift,1,0.3765,0.5802,0.3105,96,0.8544,materials_index
drift,3,0.8389,1.2309,0.6927,94,0.7241,materials_index
drift,6,1.5721,2.1691,1.2923,91,0.6972,materials_index
drift,12,2.8089,4.0015,2.2883,85,0.6318,materials_index
ets_damped,1,0.4146,0.5802,0.3409,96,0.9409,materials_index
ets_damped,3,0.8516,1.178,0.6979,94,0.7351,materials_index
ets_damped,6,1.6058,2.1342,1.3127,91,0.7121,materials_index
ets_damped,12,3.3075,4.2248,2.6656,85,0.744,materials_index
linear_trend,1,3.1069,4.3014,2.4585,96,7.0512,materials_index
linear_trend,3,3.4127,4.6687,2.7011,94,2.9458,materials_index
linear_trend,6,3.893,5.2381,3.0799,91,1.7264,materials_index
linear_trend,12,4.8647,6.3994,3.8306,85,1.0942,materials_index
naive,1,0.4406,0.6614,0.3648,96,1.0,materials_index
naive,3,1.1585,1.56,0.9594,94,1.0,materials_index
naive,6,2.2549,2.8918,1.8596,91,1.0,materials_index
naive,12,4.4459,5.5147,3.6191,85,1.0,materials_index
rf_lags,1,0.4246,0.5941,0.3476,96,0.9636,materials_index
rf_lags,3,0.8576,1.195,0.6984,94,0.7403,materials_index
rf_lags,6,1.5643,2.1995,1.2636,91,0.6937,materials_index
rf_lags,12,3.099,4.4288,2.4473,85,0.6971,materials_index
rf_time_index,1,0.9084,1.258,0.751,96,2.0616,materials_index
rf_time_index,3,1.9827,2.6242,1.6345,94,1.7114,materials_index
rf_time_index,6,3.2061,4.0661,2.6335,91,1.4218,materials_index
rf_time_index,12,4.7596,5.8319,3.8698,85,1.0706,materials_index
seasonal_naive,1,4.225,5.2596,3.4802,96,9.5887,materials_index
seasonal_naive,3,4.2628,5.3032,3.504,94,3.6795,materials_index
seasonal_naive,6,4.3308,5.375,3.5497,91,1.9206,materials_index
seasonal_naive,12,4.4459,5.5147,3.6191,85,1.0,materials_index
drift,1,1.8119,2.3531,1.1672,24,1.1565,dbt_all_work
drift,3,5.2931,6.3949,3.375,22,1.2143,dbt_all_work
drift,6,8.8927,9.786,5.6586,19,1.4541,dbt_all_work
drift,12,11.998,13.6156,7.7291,13,1.6453,dbt_all_work
ets_damped,1,1.187,1.7055,0.7659,24,0.7577,dbt_all_work
ets_damped,3,4.8195,6.6657,3.0612,22,1.1056,dbt_all_work
ets_damped,6,9.6336,12.5657,6.1098,19,1.5752,dbt_all_work
ets_damped,12,12.4506,18.5722,7.9306,13,1.7074,dbt_all_work
linear_trend,1,8.2255,9.9787,5.3166,24,5.2503,dbt_all_work
linear_trend,3,9.5354,11.7872,6.1013,22,2.1875,dbt_all_work
linear_trend,6,10.5338,13.0957,6.6852,19,1.7224,dbt_all_work
linear_trend,12,10.0787,11.1347,6.4864,13,1.3821,dbt_all_work
naive,1,1.5667,2.367,1.0084,24,1.0,dbt_all_work
naive,3,4.3591,6.36,2.7731,22,1.0,dbt_all_work
naive,6,6.1158,9.1159,3.8526,19,1.0,dbt_all_work
naive,12,7.2923,8.7854,4.6759,13,1.0,dbt_all_work
rf_lags,1,1.4505,1.9857,0.9348,24,0.9259,dbt_all_work
rf_lags,3,5.8923,7.3616,3.7534,22,1.3517,dbt_all_work
rf_lags,6,14.3279,15.5385,9.1251,19,2.3428,dbt_all_work
rf_lags,12,26.3086,31.2093,16.8942,13,3.6077,dbt_all_work
rf_time_index,1,2.8063,4.2671,1.8077,24,1.7912,dbt_all_work
rf_time_index,3,5.9585,9.0646,3.789,22,1.3669,dbt_all_work
rf_time_index,6,7.6209,11.7636,4.7917,19,1.2461,dbt_all_work
rf_time_index,12,7.9799,9.5894,5.1103,13,1.0943,dbt_all_work
seasonal_naive,1,15.6542,18.843,10.1369,24,9.992,dbt_all_work
seasonal_naive,3,14.9091,18.3178,9.5255,22,3.4202,dbt_all_work
seasonal_naive,6,12.7263,16.0053,8.0391,19,2.0809,dbt_all_work
seasonal_naive,12,7.2923,8.7854,4.6759,13,1.0,dbt_all_work
drift,1,1.6288,2.1815,1.0858,24,1.1105,dbt_new_housing
drift,3,4.0889,5.3354,2.694,22,1.2042,dbt_new_housing
drift,6,6.0837,6.9275,3.9883,19,1.1711,dbt_new_housing
drift,12,7.3878,8.7552,4.8355,13,1.3302,dbt_new_housing
ets_damped,1,1.4637,1.9623,0.9761,24,0.998,dbt_new_housing
ets_damped,3,4.7844,6.6112,3.1627,22,1.4091,dbt_new_housing
ets_damped,6,7.7956,9.9126,5.1104,19,1.5007,dbt_new_housing
ets_damped,12,9.8224,11.9075,6.4251,13,1.7686,dbt_new_housing
linear_trend,1,5.6478,7.2098,3.7685,24,3.8508,dbt_new_housing
linear_trend,3,6.4125,8.3532,4.239,22,1.8886,dbt_new_housing
linear_trend,6,7.4073,9.6264,4.8437,19,1.4259,dbt_new_housing
linear_trend,12,7.141,7.9776,4.6961,13,1.2858,dbt_new_housing
naive,1,1.4667,2.1821,0.9746,24,1.0,dbt_new_housing
naive,3,3.3955,5.3594,2.23,22,1.0,dbt_new_housing
naive,6,5.1947,7.2031,3.3933,19,1.0,dbt_new_housing
naive,12,5.5538,7.5037,3.6476,13,1.0,dbt_new_housing
rf_lags,1,1.7249,2.1587,1.1535,24,1.1761,dbt_new_housing
rf_lags,3,5.2512,6.706,3.4818,22,1.5466,dbt_new_housing
rf_lags,6,9.1311,10.4518,5.9925,19,1.7578,dbt_new_housing
rf_lags,12,21.2982,24.5052,13.9369,13,3.8349,dbt_new_housing
rf_time_index,1,2.1148,3.7179,1.4013,24,1.4419,dbt_new_housing
rf_time_index,3,4.2584,7.3588,2.7981,22,1.2541,dbt_new_housing
rf_time_index,6,5.8316,9.2,3.8047,19,1.1226,dbt_new_housing
rf_time_index,12,6.0203,8.0501,3.9506,13,1.084,dbt_new_housing
seasonal_naive,1,12.425,15.5109,8.3461,24,8.4716,dbt_new_housing
seasonal_naive,3,11.5955,14.8349,7.6991,22,3.415,dbt_new_housing
seasonal_naive,6,9.9158,13.2508,6.4759,19,1.9088,dbt_new_housing
seasonal_naive,12,5.5538,7.5037,3.6476,13,1.0,dbt_new_housing
drift,1,2.3167,2.9372,1.4464,24,1.178,dbt_other_new_work
drift,3,6.8135,8.0846,4.2147,22,1.2317,dbt_other_new_work
drift,6,11.5099,12.5186,7.1034,19,1.4589,dbt_other_new_work
drift,12,16.083,17.7935,10.1236,13,1.6034,dbt_other_new_work
ets_damped,1,1.5975,2.1369,0.9928,24,0.8123,dbt_other_new_work
ets_damped,3,6.1386,8.2755,3.7646,22,1.1097,dbt_other_new_work
ets_damped,6,11.3418,16.6823,6.9496,19,1.4376,dbt_other_new_work
ets_damped,12,19.974,33.2279,12.305,13,1.9913,dbt_other_new_work
linear_trend,1,10.4333,12.6391,6.5379,24,5.3051,dbt_other_new_work
linear_trend,3,12.2662,15.0459,7.6001,22,2.2174,dbt_other_new_work
linear_trend,6,13.4593,16.4478,8.2866,19,1.706,dbt_other_new_work
linear_trend,12,13.0483,14.3399,8.1765,13,1.3008,dbt_other_new_work
naive,1,1.9667,2.9579,1.2344,24,1.0,dbt_other_new_work
naive,3,5.5318,8.0022,3.4103,22,1.0,dbt_other_new_work
naive,6,7.8895,11.3404,4.8119,19,1.0,dbt_other_new_work
naive,12,10.0308,11.3785,6.2624,13,1.0,dbt_other_new_work
rf_lags,1,2.0993,2.7764,1.3057,24,1.0674,dbt_other_new_work
rf_lags,3,8.0854,9.5917,4.9888,22,1.4616,dbt_other_new_work
rf_lags,6,17.6717,19.2918,10.9151,19,2.2399,dbt_other_new_work
rf_lags,12,35.7495,40.8688,22.4859,13,3.564,dbt_other_new_work
rf_time_index,1,3.776,5.3977,2.3698,24,1.92,dbt_other_new_work
rf_time_index,3,7.5663,11.1481,4.6638,22,1.3678,dbt_other_new_work
rf_time_index,6,9.6582,14.224,5.8824,19,1.2242,dbt_other_new_work
rf_time_index,12,10.5612,12.1983,6.5846,13,1.0529,dbt_other_new_work
seasonal_naive,1,19.35,22.5251,12.0996,24,9.839,dbt_other_new_work
seasonal_naive,3,18.7955,22.2397,11.5843,22,3.3977,dbt_other_new_work
seasonal_naive,6,16.3947,19.6758,10.0258,19,2.0781,dbt_other_new_work
seasonal_naive,12,10.0308,11.3785,6.2624,13,1.0,dbt_other_new_work
drift,1,1.8308,2.3198,1.2032,24,1.1624,dbt_repair_maintenance
drift,3,4.6979,5.8088,3.0547,22,1.2713,dbt_repair_maintenance
drift,6,7.5586,8.2415,4.9117,19,1.4492,dbt_repair_maintenance
drift,12,10.0972,12.0854,6.618,13,1.8488,dbt_repair_maintenance
ets_damped,1,1.4752,1.9621,0.9695,24,0.9366,dbt_repair_maintenance
ets_damped,3,4.6784,6.6098,3.0318,22,1.266,dbt_repair_maintenance
ets_damped,6,8.5326,11.077,5.5191,19,1.6359,dbt_repair_maintenance
ets_damped,12,10.0091,13.2903,6.5336,13,1.8326,dbt_repair_maintenance
linear_trend,1,7.1883,8.3768,4.7174,24,4.564,dbt_repair_maintenance
linear_trend,3,8.2024,9.6728,5.341,22,2.2196,dbt_repair_maintenance
linear_trend,6,9.2567,11.0361,5.9812,19,1.7747,dbt_repair_maintenance
linear_trend,12,8.1028,9.0515,5.3244,13,1.4836,dbt_repair_maintenance
naive,1,1.575,2.2627,1.0304,24,1.0,dbt_repair_maintenance
naive,3,3.6955,5.5933,2.3864,22,1.0,dbt_repair_maintenance
naive,6,5.2158,7.5392,3.3527,19,1.0,dbt_repair_maintenance
naive,12,5.4615,6.3739,3.578,13,1.0,dbt_repair_maintenance
rf_lags,1,1.707,2.1673,1.1265,24,1.0838,dbt_repair_maintenance
rf_lags,3,5.9992,7.6501,3.9192,22,1.6234,dbt_repair_maintenance
rf_lags,6,12.6314,14.7269,8.2059,19,2.4218,dbt_repair_maintenance
rf_lags,12,29.8001,33.6437,19.5001,13,5.4564,dbt_repair_maintenance
rf_time_index,1,2.5645,4.2861,1.6661,24,1.6283,dbt_repair_maintenance
rf_time_index,3,5.0207,8.1363,3.2305,22,1.3586,dbt_repair_maintenance
rf_time_index,6,6.2841,9.4564,4.0241,19,1.2048,dbt_repair_maintenance
rf_time_index,12,5.6153,6.6137,3.6762,13,1.0282,dbt_repair_maintenance
seasonal_naive,1,13.0708,16.3779,8.6214,24,8.2989,dbt_repair_maintenance
seasonal_naive,3,12.0227,15.4049,7.8402,22,3.2534,dbt_repair_maintenance
seasonal_naive,6,9.9789,13.2132,6.4156,19,1.9132,dbt_repair_maintenance
seasonal_naive,12,5.4615,6.3739,3.578,13,1.0,dbt_repair_maintenance
