date,new_housing,other_new_work,repair_maintenance,all_work,provisional
2019-01,111.7,111.8,113.0,111.8,False
2019-02,112.4,113.0,113.5,112.6,False
2019-03,113.4,113.4,114.2,113.1,False
2019-04,113.1,113.1,114.3,112.9,False
2019-05,112.8,113.3,114.0,112.9,False
2019-06,113.3,112.0,114.2,112.3,False
2019-07,113.3,112.4,114.0,112.7,False
2019-08,112.8,111.7,113.7,112.2,False
2019-09,112.5,112.2,113.4,112.3,False
2019-10,112.8,111.7,113.4,111.9,False
2019-11,112.0,110.2,112.6,110.8,False
2019-12,111.5,109.4,111.8,110.1,False
2020-01,110.9,110.6,111.3,110.7,False
2020-02,111.4,110.7,111.7,111.0,False
2020-03,111.7,111.1,111.7,111.2,False
2020-04,111.7,112.4,111.7,113.5,False
2020-05,112.5,112.8,112.2,113.9,False
2020-06,111.9,111.5,111.8,111.8,False
2020-07,112.2,111.4,112.0,111.6,False
2020-08,112.3,111.5,112.3,111.6,False
2020-09,112.9,111.4,112.9,111.6,False
2020-10,113.5,111.7,113.4,111.9,False
2020-11,114.5,113.6,114.6,113.5,False
2020-12,116.3,115.2,116.0,115.1,False
2021-01,116.7,116.7,117.1,116.5,False
2021-02,118.9,118.9,119.4,118.7,False
2021-03,120.0,121.5,120.8,120.3,False
2021-04,121.0,123.7,122.4,122.4,False
2021-05,123.0,126.5,124.6,124.8,False
2021-06,124.8,129.3,126.5,127.2,False
2021-07,126.9,132.5,129.2,130.4,False
2021-08,134.1,135.7,137.4,135.4,False
2021-09,137.1,137.0,140.8,137.3,False
2021-10,138.4,137.9,142.3,138.4,False
2021-11,139.9,140.2,144.0,140.3,False
2021-12,140.9,141.2,144.5,141.0,False
2022-01,139.6,142.6,143.5,141.3,False
2022-02,139.1,143.9,142.2,141.6,False
2022-03,139.3,149.7,142.1,144.6,False
2022-04,142.5,158.7,146.6,151.3,False
2022-05,148.9,165.3,154.0,157.8,False
2022-06,154.7,168.7,157.8,161.3,False
2022-07,156.3,168.6,160.0,162.7,False
2022-08,153.3,165.3,157.8,159.9,False
2022-09,151.1,164.5,155.1,158.0,False
2022-10,150.6,164.2,154.3,157.2,False
2022-11,151.4,162.4,153.8,156.9,False
2022-12,151.1,161.8,152.7,156.3,False
2023-01,150.3,161.0,151.1,155.4,False
2023-02,152.2,161.0,152.9,156.1,False
2023-03,152.8,163.2,153.0,157.3,False
2023-04,153.2,164.3,153.7,158.6,False
2023-05,154.4,162.8,154.6,158.1,False
2023-06,153.6,159.9,153.2,155.9,False
2023-07,153.5,158.8,152.8,155.7,False
2023-08,153.7,158.3,153.1,155.4,False
2023-09,152.7,157.0,152.4,154.3,False
2023-10,152.2,156.8,151.8,153.9,True
2023-11,151.0,156.4,150.8,153.3,True
2023-12,151.7,155.6,151.5,153.2,True
